date,day_of_week,temperature_c,humidity_pct,school_out,ad_spend,website_visits,competitor_promo,lottery_numbers,ice_cream_sales
2023-01-01,Sunday,1.9,72.0,1,78.89,518,0,44,223
2023-01-02,Monday,-0.9,74.0,1,48.65,407,0,36,203
2023-01-03,Tuesday,3.4,80.2,1,43.26,340,0,1,219
2023-01-04,Wednesday,0.7,69.8,0,53.83,410,1,25,137
2023-01-05,Thursday,6.1,76.3,0,35.66,259,0,35,176
2023-01-06,Friday,6.1,74.1,0,54.06,303,0,13,78
2023-01-07,Saturday,1.9,71.3,0,81.26,534,1,15,129
2023-01-08,Sunday,0.3,63.5,0,85.61,529,0,45,122
2023-01-09,Monday,5.4,66.9,0,45.42,336,0,11,91
2023-01-10,Tuesday,2.5,80.8,0,43.28,362,0,4,120
2023-01-11,Wednesday,2.1,74.4,0,47.04,408,0,37,110
2023-01-12,Thursday,0.5,70.8,0,41.9,404,0,16,50
2023-01-13,Friday,1.9,65.6,0,50.04,312,0,24,111
2023-01-14,Saturday,10.5,63.6,0,80.0,508,0,44,193
2023-01-15,Sunday,1.2,74.7,0,55.76,531,0,36,88
2023-01-16,Monday,1.7,71.6,0,35.42,278,0,8,71
2023-01-17,Tuesday,1.6,76.7,0,66.32,434,0,33,98
2023-01-18,Wednesday,-1.0,82.0,0,59.03,445,0,24,40
2023-01-19,Thursday,2.3,65.3,0,52.56,311,1,21,76
2023-01-20,Friday,2.1,61.5,0,72.42,469,0,37,79
2023-01-21,Saturday,3.1,71.3,0,76.63,470,0,9,142
2023-01-22,Sunday,4.1,66.8,0,78.0,517,0,35,100
2023-01-23,Monday,2.2,63.6,0,48.11,309,0,24,51
2023-01-24,Tuesday,3.3,75.1,0,55.38,352,0,15,144
2023-01-25,Wednesday,6.1,70.2,0,53.96,397,1,22,153
2023-01-26,Thursday,3.0,70.2,0,44.44,450,0,31,155
2023-01-27,Friday,2.3,79.5,0,46.81,379,0,23,55
2023-01-28,Saturday,3.5,70.6,0,65.71,457,0,22,112
2023-01-29,Sunday,2.7,69.7,0,85.01,567,1,12,112
2023-01-30,Monday,4.2,77.0,0,45.56,408,1,35,73
2023-01-31,Tuesday,5.8,56.4,0,67.99,386,0,32,66
2023-02-01,Wednesday,3.0,75.1,0,47.17,425,0,30,97
2023-02-02,Thursday,1.6,82.3,0,48.5,266,0,32,101
2023-02-03,Friday,4.3,78.9,0,48.09,272,1,38,94
2023-02-04,Saturday,-3.0,78.9,0,77.32,467,0,12,98
2023-02-05,Sunday,3.0,76.1,0,72.94,528,0,3,96
2023-02-06,Monday,0.8,69.7,0,40.2,304,0,14,57
2023-02-07,Tuesday,0.9,73.6,0,56.01,356,0,5,51
2023-02-08,Wednesday,6.3,70.0,0,46.52,352,0,33,120
2023-02-09,Thursday,8.7,76.7,0,36.79,305,0,46,160
2023-02-10,Friday,0.7,90.4,0,55.11,324,0,36,64
2023-02-11,Saturday,6.6,72.3,0,78.81,497,0,18,161
2023-02-12,Sunday,2.8,76.4,0,72.44,530,0,33,34
2023-02-13,Monday,3.6,73.2,0,47.24,323,1,9,116
2023-02-14,Tuesday,2.0,69.4,0,50.18,300,0,1,154
2023-02-15,Wednesday,7.3,67.5,0,45.6,416,0,28,144
2023-02-16,Thursday,5.0,74.3,0,65.28,365,0,23,133
2023-02-17,Friday,5.4,78.6,0,61.42,461,0,10,104
2023-02-18,Saturday,5.3,68.4,0,90.33,608,0,27,201
2023-02-19,Sunday,4.4,64.2,0,101.08,592,0,18,76
2023-02-20,Monday,6.0,77.7,0,48.92,383,0,13,142
2023-02-21,Tuesday,1.4,69.8,0,67.77,439,0,22,102
2023-02-22,Wednesday,3.9,73.7,0,52.4,328,0,44,151
2023-02-23,Thursday,3.8,74.3,0,49.22,409,0,17,102
2023-02-24,Friday,7.5,70.5,0,41.14,431,0,33,192
2023-02-25,Saturday,7.9,68.9,0,83.9,427,0,44,182
2023-02-26,Sunday,3.7,61.9,0,76.57,418,1,43,164
2023-02-27,Monday,2.9,70.6,0,46.73,421,0,21,72
2023-02-28,Tuesday,3.0,75.1,0,58.44,449,0,44,103
2023-03-01,Wednesday,3.3,66.4,0,46.89,390,0,38,74
2023-03-02,Thursday,3.2,68.7,0,37.19,362,0,48,100
2023-03-03,Friday,6.0,61.3,0,49.85,318,0,44,183
2023-03-04,Saturday,3.5,81.9,0,83.09,506,0,40,131
2023-03-05,Sunday,4.6,63.7,0,88.48,541,0,16,187
2023-03-06,Monday,7.8,75.7,0,66.78,359,0,28,166
2023-03-07,Tuesday,10.0,64.3,0,40.76,217,1,9,132
2023-03-08,Wednesday,6.9,60.6,0,64.73,420,0,29,102
2023-03-09,Thursday,3.3,60.7,0,50.77,255,0,31,80
2023-03-10,Friday,2.0,76.1,0,55.67,354,0,32,73
2023-03-11,Saturday,4.7,75.2,0,85.22,491,0,9,166
2023-03-12,Sunday,7.7,73.2,0,85.38,533,0,22,130
2023-03-13,Monday,5.7,71.7,0,61.48,481,0,49,105
2023-03-14,Tuesday,4.0,68.2,0,59.32,390,0,27,59
2023-03-15,Wednesday,5.8,73.9,0,31.14,261,0,25,115
2023-03-16,Thursday,4.9,78.4,0,46.53,383,0,9,158
2023-03-17,Friday,6.6,76.0,0,44.11,341,0,30,117
2023-03-18,Saturday,8.0,72.5,0,76.38,526,0,25,146
2023-03-19,Sunday,13.4,53.9,0,90.52,419,1,23,232
2023-03-20,Monday,7.6,70.7,0,54.32,386,1,16,147
2023-03-21,Tuesday,8.1,69.9,0,55.83,358,0,45,111
2023-03-22,Wednesday,7.7,74.2,0,31.34,214,0,11,148
2023-03-23,Thursday,7.7,73.6,0,53.01,319,0,46,66
2023-03-24,Friday,9.2,74.9,0,55.26,354,0,20,188
2023-03-25,Saturday,5.5,82.7,0,101.46,566,0,24,122
2023-03-26,Sunday,11.7,68.9,0,92.09,527,0,28,255
2023-03-27,Monday,7.7,72.9,0,37.9,243,0,18,158
2023-03-28,Tuesday,4.5,62.0,0,53.44,321,0,38,107
2023-03-29,Wednesday,13.8,64.8,0,48.02,401,0,40,182
2023-03-30,Thursday,8.0,63.5,0,42.9,352,0,23,151
2023-03-31,Friday,7.1,75.8,0,41.16,343,0,6,137
2023-04-01,Saturday,9.5,73.1,0,74.83,447,0,46,113
2023-04-02,Sunday,9.8,70.3,0,85.73,482,0,31,157
2023-04-03,Monday,7.6,66.7,0,64.48,424,0,30,147
2023-04-04,Tuesday,11.8,68.0,0,56.36,452,0,12,215
2023-04-05,Wednesday,11.5,74.5,0,49.67,453,0,39,176
2023-04-06,Thursday,11.4,67.0,0,58.65,410,0,18,188
2023-04-07,Friday,11.2,66.2,0,45.64,499,0,49,103
2023-04-08,Saturday,10.9,59.9,0,76.89,433,1,31,198
2023-04-09,Sunday,11.4,66.9,0,68.86,445,0,10,217
2023-04-10,Monday,13.5,57.4,0,82.11,562,0,40,258
2023-04-11,Tuesday,11.5,72.6,0,41.7,366,0,28,158
2023-04-12,Wednesday,14.5,55.4,0,41.59,384,0,43,195
2023-04-13,Thursday,13.0,66.3,0,46.51,352,0,45,168
2023-04-14,Friday,10.4,67.3,0,67.62,417,0,17,143
2023-04-15,Saturday,12.6,56.4,0,69.74,326,0,35,205
2023-04-16,Sunday,13.3,63.6,0,87.61,606,0,37,242
2023-04-17,Monday,14.5,59.9,0,43.77,363,0,18,163
2023-04-18,Tuesday,12.3,66.3,0,53.52,339,0,6,202
2023-04-19,Wednesday,13.0,73.1,0,60.67,351,1,49,186
2023-04-20,Thursday,10.9,75.7,0,56.38,312,0,12,187
2023-04-21,Friday,15.5,62.1,0,62.56,273,0,27,199
2023-04-22,Saturday,16.2,65.0,0,75.25,446,0,49,212
2023-04-23,Sunday,10.5,64.1,0,78.75,524,0,26,230
2023-04-24,Monday,9.8,78.9,0,52.41,364,0,40,167
2023-04-25,Tuesday,13.6,55.3,0,52.7,344,0,19,151
2023-04-26,Wednesday,15.1,74.2,0,70.89,414,0,36,210
2023-04-27,Thursday,16.4,62.0,0,55.36,507,1,8,217
2023-04-28,Friday,12.8,68.9,0,48.93,354,0,31,156
2023-04-29,Saturday,14.3,70.8,0,65.56,520,0,9,234
2023-04-30,Sunday,12.8,65.9,0,72.35,519,0,19,188
2023-05-01,Monday,13.8,52.3,0,39.53,296,0,29,163
2023-05-02,Tuesday,14.1,56.2,0,48.41,319,0,45,212
2023-05-03,Wednesday,15.0,68.5,0,58.8,357,0,31,200
2023-05-04,Thursday,10.6,59.4,0,62.15,490,0,3,89
2023-05-05,Friday,19.7,69.9,0,50.21,400,0,7,219
2023-05-06,Saturday,14.9,61.6,0,72.38,434,0,17,208
2023-05-07,Sunday,13.5,71.7,0,71.02,354,0,35,188
2023-05-08,Monday,17.1,58.9,0,35.99,337,1,41,218
2023-05-09,Tuesday,15.0,58.1,0,53.17,412,0,49,167
2023-05-10,Wednesday,12.2,56.2,0,57.91,418,0,19,184
2023-05-11,Thursday,14.4,68.0,0,52.98,447,0,12,216
2023-05-12,Friday,17.2,66.6,0,42.53,357,1,30,306
2023-05-13,Saturday,14.6,57.8,0,71.96,341,0,19,213
2023-05-14,Sunday,15.3,57.2,0,85.96,428,0,17,210
2023-05-15,Monday,14.7,64.2,0,72.27,452,1,25,182
2023-05-16,Tuesday,15.5,67.2,0,52.32,470,0,37,211
2023-05-17,Wednesday,19.9,50.9,0,74.39,439,0,19,278
2023-05-18,Thursday,15.4,63.6,0,46.08,378,0,43,239
2023-05-19,Friday,16.8,58.2,0,64.27,473,1,29,270
2023-05-20,Saturday,18.0,69.1,0,98.9,517,0,35,302
2023-05-21,Sunday,19.3,55.1,0,74.82,461,0,31,297
2023-05-22,Monday,17.3,68.2,0,39.69,316,0,15,231
2023-05-23,Tuesday,20.5,50.8,0,78.78,456,0,24,311
2023-05-24,Wednesday,19.4,58.8,0,57.98,335,0,25,302
2023-05-25,Thursday,20.8,45.2,0,58.55,432,1,36,250
2023-05-26,Friday,21.3,52.4,0,41.53,254,0,8,280
2023-05-27,Saturday,22.3,67.9,0,79.02,542,1,35,325
2023-05-28,Sunday,20.6,53.3,0,68.47,499,0,10,265
2023-05-29,Monday,21.4,51.7,0,59.9,338,0,18,313
2023-05-30,Tuesday,19.3,45.4,0,61.52,432,0,35,248
2023-05-31,Wednesday,21.9,52.1,0,60.46,430,0,30,304
2023-06-01,Thursday,20.0,48.4,0,32.56,365,0,37,260
2023-06-02,Friday,20.5,69.0,0,40.52,315,0,15,250
2023-06-03,Saturday,20.6,58.5,0,82.62,510,1,17,270
2023-06-04,Sunday,19.8,56.0,0,86.63,479,0,16,275
2023-06-05,Monday,19.3,58.9,0,58.28,378,1,29,267
2023-06-06,Tuesday,20.2,51.4,0,62.29,463,0,3,258
2023-06-07,Wednesday,14.4,60.4,0,46.02,352,0,26,197
2023-06-08,Thursday,18.8,60.8,0,50.63,314,0,21,239
2023-06-09,Friday,19.4,57.8,0,67.17,384,0,34,255
2023-06-10,Saturday,19.3,66.0,0,67.13,480,1,42,228
2023-06-11,Sunday,16.7,60.5,0,76.38,426,0,30,252
2023-06-12,Monday,17.0,66.7,0,49.92,423,0,10,216
2023-06-13,Tuesday,17.8,62.5,0,55.55,304,0,9,266
2023-06-14,Wednesday,17.3,58.0,0,45.0,337,1,23,290
2023-06-15,Thursday,16.3,49.7,1,63.66,470,0,7,362
2023-06-16,Friday,19.1,57.4,1,49.38,337,1,36,331
2023-06-17,Saturday,23.9,45.8,1,75.19,555,0,40,353
2023-06-18,Sunday,19.4,52.3,1,72.02,396,0,2,410
2023-06-19,Monday,24.4,53.1,1,61.87,538,0,26,432
2023-06-20,Tuesday,24.7,59.0,1,57.72,397,0,25,401
2023-06-21,Wednesday,22.1,50.3,1,65.07,441,1,4,365
2023-06-22,Thursday,23.5,64.2,1,57.37,408,0,28,380
2023-06-23,Friday,21.4,56.0,1,70.05,493,0,44,430
2023-06-24,Saturday,18.7,55.6,1,80.95,523,0,4,416
2023-06-25,Sunday,21.4,58.3,1,88.77,509,1,48,448
2023-06-26,Monday,20.2,59.8,1,46.44,354,0,43,384
2023-06-27,Tuesday,20.5,59.3,1,51.3,514,0,37,395
2023-06-28,Wednesday,19.2,61.9,1,48.3,331,0,21,411
2023-06-29,Thursday,26.9,44.2,1,57.38,359,1,28,479
2023-06-30,Friday,19.0,55.5,1,46.76,395,0,22,371
2023-07-01,Saturday,20.7,53.1,1,74.49,497,0,42,458
2023-07-02,Sunday,22.4,52.6,1,87.66,538,0,49,426
2023-07-03,Monday,20.7,66.1,1,49.42,298,0,44,397
2023-07-04,Tuesday,24.6,51.3,1,44.44,292,0,41,405
2023-07-05,Wednesday,24.3,46.9,1,56.44,421,0,5,380
2023-07-06,Thursday,20.8,64.1,1,71.41,490,1,6,369
2023-07-07,Friday,19.9,51.3,1,56.69,432,0,37,311
2023-07-08,Saturday,20.6,53.8,1,78.11,479,1,7,428
2023-07-09,Sunday,17.5,63.1,1,83.32,481,0,29,368
2023-07-10,Monday,18.5,58.5,1,39.13,438,0,22,355
2023-07-11,Tuesday,21.2,53.9,1,47.21,328,0,17,429
2023-07-12,Wednesday,21.4,48.9,1,70.75,380,0,38,365
2023-07-13,Thursday,17.2,57.6,1,67.44,419,0,6,348
2023-07-14,Friday,21.1,63.1,1,58.62,299,0,48,473
2023-07-15,Saturday,21.9,64.5,1,92.15,511,0,14,423
2023-07-16,Sunday,19.7,67.4,1,100.38,810,0,19,416
2023-07-17,Monday,21.0,59.3,1,35.12,335,0,40,374
2023-07-18,Tuesday,23.6,60.0,1,63.84,520,0,11,421
2023-07-19,Wednesday,21.3,51.3,1,65.99,512,0,29,392
2023-07-20,Thursday,22.2,61.3,1,71.11,426,0,13,356
2023-07-21,Friday,26.4,60.1,1,52.93,374,0,11,477
2023-07-22,Saturday,23.8,45.7,1,88.93,546,0,24,424
2023-07-23,Sunday,21.5,64.0,1,67.98,416,0,33,463
2023-07-24,Monday,23.5,60.9,1,60.77,399,0,23,453
2023-07-25,Tuesday,20.8,53.3,1,59.96,391,0,21,403
2023-07-26,Wednesday,26.2,48.8,1,43.71,267,1,19,470
2023-07-27,Thursday,20.4,63.2,1,39.42,257,0,2,387
2023-07-28,Friday,21.6,68.7,1,38.79,307,0,8,393
2023-07-29,Saturday,20.0,61.8,1,89.29,459,1,32,366
2023-07-30,Sunday,21.4,56.9,1,76.79,464,1,28,442
2023-07-31,Monday,21.7,53.7,1,51.45,344,0,34,360
2023-08-01,Tuesday,17.4,57.8,1,52.22,382,0,3,292
2023-08-02,Wednesday,16.3,61.5,1,56.07,409,0,41,317
2023-08-03,Thursday,24.2,60.1,1,54.5,359,0,22,431
2023-08-04,Friday,20.1,59.8,1,43.31,323,0,5,330
2023-08-05,Saturday,20.2,44.4,1,90.85,527,0,3,394
2023-08-06,Sunday,23.4,47.1,1,95.31,517,0,19,441
2023-08-07,Monday,18.6,67.9,1,60.33,371,1,24,340
2023-08-08,Tuesday,22.2,42.8,1,63.64,402,0,24,429
2023-08-09,Wednesday,23.9,52.2,1,59.49,316,1,39,445
2023-08-10,Thursday,21.1,57.0,1,58.9,383,0,46,422
2023-08-11,Friday,17.6,64.6,1,52.69,399,0,23,331
2023-08-12,Saturday,19.2,52.4,1,70.85,532,0,33,404
2023-08-13,Sunday,22.1,48.3,1,89.79,505,0,29,437
2023-08-14,Monday,21.0,58.8,1,45.1,300,0,44,417
2023-08-15,Tuesday,18.5,61.6,1,50.77,386,1,24,325
2023-08-16,Wednesday,22.8,56.3,1,59.45,402,0,36,372
2023-08-17,Thursday,23.8,62.6,1,52.58,344,0,45,453
2023-08-18,Friday,19.0,67.8,1,68.22,316,0,6,404
2023-08-19,Saturday,22.8,41.7,1,99.39,540,0,36,365
2023-08-20,Sunday,18.9,65.1,1,71.94,529,0,33,361
2023-08-21,Monday,21.4,74.7,1,56.56,355,0,24,365
2023-08-22,Tuesday,19.3,61.7,1,42.71,330,0,46,359
2023-08-23,Wednesday,19.4,51.9,1,56.92,288,1,21,355
2023-08-24,Thursday,17.8,58.0,1,46.38,438,0,12,314
2023-08-25,Friday,19.9,55.5,1,34.59,319,0,34,382
2023-08-26,Saturday,20.9,53.7,1,98.85,465,0,6,487
2023-08-27,Sunday,19.6,67.5,1,79.85,470,0,35,435
2023-08-28,Monday,21.4,50.8,1,47.59,406,0,22,435
2023-08-29,Tuesday,21.1,51.3,1,55.89,383,1,42,398
2023-08-30,Wednesday,17.3,62.7,1,67.46,425,0,35,359
2023-08-31,Thursday,17.6,75.1,1,36.87,341,0,20,298
2023-09-01,Friday,20.1,61.9,0,63.54,369,1,46,276
2023-09-02,Saturday,15.7,78.2,0,79.19,527,0,33,208
2023-09-03,Sunday,17.9,55.6,0,86.55,503,0,25,278
2023-09-04,Monday,20.3,53.6,0,75.9,436,0,37,274
2023-09-05,Tuesday,16.9,71.8,0,82.9,370,0,6,265
2023-09-06,Wednesday,21.1,55.3,0,61.77,408,0,4,269
2023-09-07,Thursday,21.5,62.3,0,42.51,347,1,9,274
2023-09-08,Friday,21.1,51.2,0,55.83,338,0,37,243
2023-09-09,Saturday,17.0,59.5,0,94.61,459,0,40,272
2023-09-10,Sunday,17.3,58.1,0,94.92,523,0,22,230
2023-09-11,Monday,16.8,66.2,0,65.75,416,1,46,245
2023-09-12,Tuesday,16.1,67.6,0,41.92,369,0,21,246
2023-09-13,Wednesday,16.5,54.9,0,63.73,467,0,33,195
2023-09-14,Thursday,13.4,62.0,0,49.46,478,0,44,225
2023-09-15,Friday,18.7,55.1,0,75.15,522,0,17,227
2023-09-16,Saturday,21.2,55.5,0,87.31,428,0,38,251
2023-09-17,Sunday,17.1,59.0,0,68.2,357,0,37,288
2023-09-18,Monday,17.8,59.5,0,63.82,430,0,45,259
2023-09-19,Tuesday,19.3,54.0,0,47.94,424,0,34,206
2023-09-20,Wednesday,16.9,66.2,0,48.84,309,0,12,188
2023-09-21,Thursday,16.9,52.4,0,50.96,439,0,17,192
2023-09-22,Friday,14.7,60.3,0,55.56,471,0,20,221
2023-09-23,Saturday,12.0,62.5,0,74.52,385,0,47,204
2023-09-24,Sunday,15.5,65.2,0,80.97,431,0,23,297
2023-09-25,Monday,14.3,62.0,0,63.31,409,0,17,182
2023-09-26,Tuesday,15.3,58.2,0,59.1,365,0,18,253
2023-09-27,Wednesday,17.8,56.5,0,51.51,345,0,4,203
2023-09-28,Thursday,16.8,64.3,0,40.51,357,1,36,245
2023-09-29,Friday,14.7,55.8,0,38.52,249,0,19,210
2023-09-30,Saturday,13.1,71.9,0,89.07,498,0,35,214
2023-10-01,Sunday,9.7,80.0,0,90.7,418,0,3,219
2023-10-02,Monday,16.9,61.0,0,32.0,316,0,19,223
2023-10-03,Tuesday,14.0,60.8,0,53.53,436,0,35,202
2023-10-04,Wednesday,8.9,65.6,0,63.4,475,0,8,135
2023-10-05,Thursday,17.4,55.0,0,42.76,404,0,44,234
2023-10-06,Friday,13.8,59.9,0,68.75,340,0,33,195
2023-10-07,Saturday,15.8,76.0,0,101.53,416,1,25,262
2023-10-08,Sunday,13.7,73.6,0,93.73,514,0,1,224
2023-10-09,Monday,15.5,62.9,0,70.41,412,0,46,234
2023-10-10,Tuesday,13.5,54.7,0,40.34,232,0,15,196
2023-10-11,Wednesday,14.2,69.0,0,69.28,393,0,31,194
2023-10-12,Thursday,12.9,53.5,0,63.43,332,0,39,211
2023-10-13,Friday,11.8,56.3,0,60.82,481,1,36,210
2023-10-14,Saturday,13.7,61.3,0,79.88,471,0,29,236
2023-10-15,Sunday,13.3,61.7,0,83.56,384,0,33,212
2023-10-16,Monday,9.2,71.1,0,41.82,314,0,2,101
2023-10-17,Tuesday,14.6,62.7,0,42.64,402,1,4,213
2023-10-18,Wednesday,12.5,63.7,0,58.12,397,0,9,203
2023-10-19,Thursday,4.6,67.1,0,47.53,425,0,25,111
2023-10-20,Friday,8.6,74.1,0,49.29,309,0,23,232
2023-10-21,Saturday,16.5,59.0,0,89.11,625,0,20,241
2023-10-22,Sunday,7.1,71.1,0,77.2,497,0,30,138
2023-10-23,Monday,12.4,73.6,0,49.74,457,0,2,230
2023-10-24,Tuesday,10.7,68.3,0,46.88,328,0,4,170
2023-10-25,Wednesday,11.2,58.7,0,60.6,415,1,19,122
2023-10-26,Thursday,10.8,79.2,0,44.31,319,0,21,175
2023-10-27,Friday,15.2,69.7,0,54.89,351,0,38,232
2023-10-28,Saturday,13.9,54.4,0,78.58,430,0,23,268
2023-10-29,Sunday,8.4,69.0,0,77.48,442,0,49,177
2023-10-30,Monday,7.8,67.3,0,59.09,524,1,30,188
2023-10-31,Tuesday,7.8,75.9,0,53.49,417,0,42,166
2023-11-01,Wednesday,11.7,68.4,0,47.54,420,0,4,173
2023-11-02,Thursday,12.8,54.6,0,43.84,392,0,36,243
2023-11-03,Friday,9.3,71.2,0,63.21,393,0,14,249
2023-11-04,Saturday,6.3,87.0,0,112.61,550,0,14,171
2023-11-05,Sunday,7.1,71.6,0,82.61,533,0,42,140
2023-11-06,Monday,10.0,59.6,0,55.24,531,0,21,225
2023-11-07,Tuesday,10.4,63.4,0,45.18,398,0,10,210
2023-11-08,Wednesday,8.5,59.6,0,48.18,358,0,37,171
2023-11-09,Thursday,9.4,60.9,0,47.67,292,0,32,207
2023-11-10,Friday,7.1,65.3,0,56.62,408,0,32,121
2023-11-11,Saturday,9.8,78.3,0,111.34,581,0,5,249
2023-11-12,Sunday,6.3,70.2,0,76.03,490,0,1,124
2023-11-13,Monday,7.9,74.8,0,69.55,475,0,31,153
2023-11-14,Tuesday,6.8,63.1,0,54.27,485,0,19,143
2023-11-15,Wednesday,11.6,66.5,0,48.04,272,0,7,216
2023-11-16,Thursday,5.4,70.7,0,70.26,445,0,6,166
2023-11-17,Friday,5.0,75.0,0,28.48,227,0,44,111
2023-11-18,Saturday,5.7,78.7,0,85.66,560,0,31,153
2023-11-19,Sunday,6.8,69.5,0,92.02,584,0,22,96
2023-11-20,Monday,4.3,77.2,0,63.37,462,0,37,126
2023-11-21,Tuesday,5.4,70.5,0,76.83,531,0,37,126
2023-11-22,Wednesday,4.7,71.4,0,55.07,402,0,26,137
2023-11-23,Thursday,7.8,66.2,0,44.62,326,0,44,166
2023-11-24,Friday,4.4,71.2,0,51.05,475,0,23,109
2023-11-25,Saturday,8.2,70.2,0,91.39,473,0,39,124
2023-11-26,Sunday,8.1,72.8,0,88.06,578,0,25,168
2023-11-27,Monday,1.9,76.8,0,54.35,369,0,16,88
2023-11-28,Tuesday,4.2,76.6,0,69.62,378,0,7,79
2023-11-29,Wednesday,10.1,74.3,0,40.72,377,1,6,175
2023-11-30,Thursday,7.5,62.8,0,53.21,442,1,39,149
2023-12-01,Friday,6.0,58.1,0,66.98,439,0,47,199
2023-12-02,Saturday,1.6,81.1,0,84.92,526,1,20,136
2023-12-03,Sunday,4.5,74.4,0,90.71,559,0,5,83
2023-12-04,Monday,9.1,66.0,0,45.23,309,1,1,128
2023-12-05,Tuesday,6.5,67.7,0,43.61,278,0,22,69
2023-12-06,Wednesday,6.3,64.9,0,45.86,335,0,31,172
2023-12-07,Thursday,1.7,87.5,0,64.94,418,0,32,155
2023-12-08,Friday,3.2,69.8,0,64.03,437,0,13,76
2023-12-09,Saturday,1.4,69.4,0,81.58,417,0,30,124
2023-12-10,Sunday,3.3,75.3,0,68.84,547,0,44,141
2023-12-11,Monday,0.2,74.4,0,57.61,490,0,25,173
2023-12-12,Tuesday,7.1,62.9,0,58.22,269,0,35,139
2023-12-13,Wednesday,10.0,70.2,0,51.45,275,0,6,186
2023-12-14,Thursday,4.7,69.0,0,51.75,322,0,42,86
2023-12-15,Friday,0.0,80.5,0,67.33,422,1,17,91
2023-12-16,Saturday,7.4,60.1,0,81.54,496,0,44,193
2023-12-17,Sunday,0.7,70.3,0,85.75,511,1,27,111
2023-12-18,Monday,2.7,77.2,0,42.9,318,0,34,117
2023-12-19,Tuesday,0.3,75.1,0,42.74,385,0,20,121
2023-12-20,Wednesday,4.1,76.8,0,58.36,487,0,48,154
2023-12-21,Thursday,3.0,75.9,1,63.94,489,0,15,241
2023-12-22,Friday,-0.5,78.4,1,70.58,369,0,29,237
2023-12-23,Saturday,0.7,70.8,1,85.22,459,0,5,162
2023-12-24,Sunday,0.6,68.5,1,84.95,507,0,32,233
2023-12-25,Monday,-0.9,73.8,1,45.89,313,0,23,164
2023-12-26,Tuesday,4.8,74.9,1,70.41,488,0,44,174
2023-12-27,Wednesday,3.4,74.1,1,55.03,428,0,33,189
2023-12-28,Thursday,4.7,65.3,1,52.47,309,0,12,239
2023-12-29,Friday,-0.3,72.5,1,62.77,460,0,4,255
2023-12-30,Saturday,-2.2,72.4,1,87.9,450,0,27,243
2023-12-31,Sunday,1.3,67.9,1,93.48,468,1,2,236
2024-01-01,Monday,0.6,78.3,1,58.76,380,0,32,260
2024-01-02,Tuesday,1.1,72.8,1,70.34,514,0,24,156
2024-01-03,Wednesday,1.1,74.1,1,46.57,375,0,42,235
2024-01-04,Thursday,2.2,67.8,0,68.29,439,0,6,0
2024-01-05,Friday,5.1,71.2,0,50.12,405,0,46,76
2024-01-06,Saturday,0.1,70.5,0,74.34,390,0,4,46
2024-01-07,Sunday,0.8,71.0,0,83.95,543,0,33,94
2024-01-08,Monday,5.8,69.1,0,78.64,562,0,4,213
2024-01-09,Tuesday,1.8,81.6,0,71.81,452,0,49,156
2024-01-10,Wednesday,3.4,66.9,0,66.35,498,0,25,65
2024-01-11,Thursday,3.1,74.1,0,54.48,342,0,24,99
2024-01-12,Friday,-0.8,77.2,0,39.98,280,0,6,59
2024-01-13,Saturday,-0.7,72.3,0,79.46,547,0,28,104
2024-01-14,Sunday,3.3,65.7,0,83.95,538,0,9,85
2024-01-15,Monday,0.8,68.9,0,70.18,472,0,30,95
2024-01-16,Tuesday,7.7,69.8,0,63.63,478,0,28,167
2024-01-17,Wednesday,5.7,76.0,0,68.3,515,0,42,203
2024-01-18,Thursday,1.4,75.4,0,50.24,301,1,41,64
2024-01-19,Friday,5.7,70.9,0,72.19,452,0,9,136
2024-01-20,Saturday,-0.5,71.0,0,86.48,505,0,8,128
2024-01-21,Sunday,1.9,74.7,0,90.53,445,1,21,150
2024-01-22,Monday,0.7,77.8,0,44.15,428,0,42,92
2024-01-23,Tuesday,2.0,72.2,0,57.49,363,0,41,63
2024-01-24,Wednesday,2.1,59.5,0,49.7,331,0,7,101
2024-01-25,Thursday,3.1,71.4,0,48.55,274,0,42,125
2024-01-26,Friday,4.9,74.5,0,46.73,315,0,45,182
2024-01-27,Saturday,3.0,75.1,0,83.05,460,0,42,104
2024-01-28,Sunday,7.3,73.1,0,99.06,527,1,32,160
2024-01-29,Monday,1.6,74.1,0,56.86,365,0,37,112
2024-01-30,Tuesday,-0.4,78.5,0,63.14,481,0,5,91
2024-01-31,Wednesday,2.5,72.5,0,60.74,511,0,41,123
2024-02-01,Thursday,1.4,63.5,0,48.92,399,0,35,62
2024-02-02,Friday,1.1,71.1,0,69.07,473,0,26,153
2024-02-03,Saturday,-1.1,70.2,0,79.51,409,0,28,79
2024-02-04,Sunday,-2.2,78.8,0,89.49,453,0,20,109
2024-02-05,Monday,0.8,66.4,0,58.72,414,1,1,127
2024-02-06,Tuesday,8.0,57.8,0,55.5,388,1,18,129
2024-02-07,Wednesday,2.6,69.5,0,65.34,397,0,34,155
2024-02-08,Thursday,4.4,69.0,0,56.2,342,0,37,125
2024-02-09,Friday,3.6,74.7,0,61.18,288,0,8,117
2024-02-10,Saturday,5.9,81.4,0,93.55,530,0,10,192
2024-02-11,Sunday,5.8,83.7,0,105.71,594,0,42,132
2024-02-12,Monday,4.2,63.0,0,66.16,428,0,33,134
2024-02-13,Tuesday,2.8,70.6,0,60.18,482,1,26,139
2024-02-14,Wednesday,4.5,68.7,0,77.09,434,1,13,168
2024-02-15,Thursday,2.3,82.9,0,57.71,357,0,32,157
2024-02-16,Friday,3.4,71.0,0,45.72,370,0,2,81
2024-02-17,Saturday,3.8,77.1,0,99.17,443,0,1,138
2024-02-18,Sunday,1.2,73.2,0,79.71,527,0,4,196
2024-02-19,Monday,5.1,69.9,0,57.72,420,0,34,60
2024-02-20,Tuesday,6.6,59.7,0,62.58,357,0,26,120
2024-02-21,Wednesday,6.8,72.6,0,34.64,383,0,17,173
2024-02-22,Thursday,-0.5,66.2,0,70.11,415,0,13,116
2024-02-23,Friday,7.0,76.8,0,62.02,435,0,21,107
2024-02-24,Saturday,6.0,73.8,0,86.88,487,1,11,175
2024-02-25,Sunday,5.1,65.7,0,84.58,418,0,21,172
2024-02-26,Monday,7.7,74.4,0,56.44,446,0,12,156
2024-02-27,Tuesday,7.1,70.1,0,42.58,378,0,30,183
2024-02-28,Wednesday,7.4,70.2,0,60.93,421,0,26,122
2024-02-29,Thursday,2.4,78.8,0,50.36,314,0,5,106
2024-03-01,Friday,5.1,75.8,0,52.28,473,0,22,175
2024-03-02,Saturday,9.4,77.1,0,110.09,628,0,47,188
2024-03-03,Sunday,5.6,68.6,0,82.91,499,0,10,165
2024-03-04,Monday,8.7,69.4,0,58.78,456,0,36,143
2024-03-05,Tuesday,5.6,65.5,0,65.57,363,0,35,84
2024-03-06,Wednesday,7.7,51.1,0,60.48,356,0,32,124
2024-03-07,Thursday,8.4,65.8,0,65.77,510,1,18,167
2024-03-08,Friday,13.1,70.8,0,41.87,328,0,11,231
2024-03-09,Saturday,8.2,66.9,0,106.97,592,0,15,176
2024-03-10,Sunday,-0.2,66.9,0,70.8,538,0,12,103
2024-03-11,Monday,9.3,70.4,0,44.19,367,0,37,150
2024-03-12,Tuesday,3.5,68.8,0,69.98,610,0,32,94
2024-03-13,Wednesday,6.2,71.6,0,59.54,399,0,22,130
2024-03-14,Thursday,8.2,66.1,0,69.6,513,0,21,178
2024-03-15,Friday,7.4,67.8,0,53.48,443,0,5,170
2024-03-16,Saturday,2.8,82.5,0,85.14,515,0,9,174
2024-03-17,Sunday,6.6,61.5,0,94.34,478,0,36,161
2024-03-18,Monday,5.3,57.4,0,60.48,370,0,12,86
2024-03-19,Tuesday,10.3,65.3,0,64.87,520,0,37,177
2024-03-20,Wednesday,11.0,67.5,0,81.91,412,0,37,226
2024-03-21,Thursday,9.6,65.8,0,62.41,388,0,6,193
2024-03-22,Friday,9.6,58.9,0,57.75,348,1,14,165
2024-03-23,Saturday,9.0,67.3,0,93.72,587,0,11,182
2024-03-24,Sunday,10.4,61.6,0,79.87,532,1,31,198
2024-03-25,Monday,5.2,70.6,0,51.84,279,1,2,140
2024-03-26,Tuesday,6.0,83.2,0,64.45,442,0,47,210
2024-03-27,Wednesday,11.4,70.8,0,57.77,529,0,28,177
2024-03-28,Thursday,10.3,65.1,0,63.54,400,1,14,211
2024-03-29,Friday,8.7,54.8,0,51.46,295,0,7,140
2024-03-30,Saturday,12.3,67.1,0,92.17,493,0,28,268
2024-03-31,Sunday,11.8,60.3,0,81.0,517,0,6,215
2024-04-01,Monday,8.3,68.4,0,61.57,349,0,17,193
2024-04-02,Tuesday,11.4,70.4,0,78.24,429,0,30,223
2024-04-03,Wednesday,9.5,78.4,0,53.9,375,0,7,190
2024-04-04,Thursday,11.2,50.2,0,52.34,319,0,34,154
2024-04-05,Friday,7.5,72.2,0,66.81,383,0,31,141
2024-04-06,Saturday,12.8,65.3,0,87.11,440,0,40,196
2024-04-07,Sunday,14.2,74.9,0,66.08,477,0,14,221
2024-04-08,Monday,9.5,51.1,0,73.07,266,0,39,222
2024-04-09,Tuesday,10.6,79.3,0,62.48,407,0,26,113
2024-04-10,Wednesday,9.5,53.7,0,56.55,491,0,27,168
2024-04-11,Thursday,12.3,66.9,0,47.24,333,0,7,226
2024-04-12,Friday,10.0,70.6,0,64.21,371,0,25,166
2024-04-13,Saturday,9.8,60.3,0,83.3,498,0,40,141
2024-04-14,Sunday,9.3,79.3,0,94.44,509,0,18,208
2024-04-15,Monday,12.3,64.0,0,62.89,374,0,32,229
2024-04-16,Tuesday,9.2,71.5,0,58.18,373,0,21,217
2024-04-17,Wednesday,12.0,71.2,0,55.5,364,0,27,184
2024-04-18,Thursday,8.2,75.5,0,45.72,325,0,33,144
2024-04-19,Friday,9.1,73.3,0,46.66,351,0,13,168
2024-04-20,Saturday,11.2,52.7,0,95.54,521,0,33,177
2024-04-21,Sunday,8.5,76.0,0,86.4,462,0,29,203
2024-04-22,Monday,17.7,55.7,0,54.72,457,0,45,304
2024-04-23,Tuesday,13.8,64.3,0,78.22,510,0,14,250
2024-04-24,Wednesday,10.7,64.0,0,52.47,373,0,44,177
2024-04-25,Thursday,19.2,60.0,0,51.45,315,1,17,188
2024-04-26,Friday,10.1,64.4,0,44.33,335,0,30,236
2024-04-27,Saturday,14.0,70.2,0,81.4,385,0,7,357
2024-04-28,Sunday,14.6,74.1,0,85.66,425,0,44,213
2024-04-29,Monday,15.0,63.9,0,73.95,453,0,17,179
2024-04-30,Tuesday,9.4,64.8,0,54.44,346,1,39,159
2024-05-01,Wednesday,12.9,67.3,0,61.17,425,0,19,197
2024-05-02,Thursday,17.4,59.4,0,61.47,395,0,47,198
2024-05-03,Friday,14.1,54.4,0,52.42,331,0,23,138
2024-05-04,Saturday,14.9,69.3,0,72.56,465,1,17,240
2024-05-05,Sunday,14.8,55.2,0,110.47,511,0,42,275
2024-05-06,Monday,16.7,61.0,0,51.26,392,0,19,199
2024-05-07,Tuesday,14.4,63.7,0,73.23,484,0,40,287
2024-05-08,Wednesday,18.1,48.1,0,59.8,372,1,10,268
2024-05-09,Thursday,17.0,64.0,0,48.95,413,0,30,275
2024-05-10,Friday,20.0,59.6,0,63.62,335,0,4,358
2024-05-11,Saturday,18.3,60.1,0,90.35,480,0,32,281
2024-05-12,Sunday,12.2,69.2,0,97.69,485,0,1,230
2024-05-13,Monday,18.2,61.0,0,58.78,413,0,34,267
2024-05-14,Tuesday,20.2,55.2,0,54.57,372,1,25,235
2024-05-15,Wednesday,14.8,62.7,0,62.81,427,0,30,211
2024-05-16,Thursday,13.7,57.1,0,77.84,527,0,23,216
2024-05-17,Friday,17.2,57.2,0,75.28,403,1,15,246
2024-05-18,Saturday,16.0,61.0,0,76.78,497,0,3,267
2024-05-19,Sunday,14.9,68.7,0,91.94,439,0,4,210
2024-05-20,Monday,14.5,72.1,0,61.99,366,0,31,232
2024-05-21,Tuesday,17.3,56.9,0,59.58,401,0,7,225
2024-05-22,Wednesday,16.2,59.1,0,56.79,412,0,8,214
2024-05-23,Thursday,17.1,71.2,0,46.46,364,0,34,263
2024-05-24,Friday,17.8,57.4,0,63.36,296,0,31,224
2024-05-25,Saturday,18.2,60.4,0,79.9,364,0,43,176
2024-05-26,Sunday,18.7,60.1,0,86.34,481,0,30,194
2024-05-27,Monday,20.7,57.7,0,55.77,401,0,3,290
2024-05-28,Tuesday,16.8,58.3,0,50.82,465,0,1,276
2024-05-29,Wednesday,21.0,50.7,0,64.79,476,0,40,272
2024-05-30,Thursday,23.0,52.4,0,66.87,480,0,25,322
2024-05-31,Friday,18.0,53.8,0,41.94,406,0,9,232
2024-06-01,Saturday,18.4,63.2,0,88.26,440,0,44,291
2024-06-02,Sunday,16.1,64.8,0,92.87,444,0,47,267
2024-06-03,Monday,19.2,61.8,0,58.03,387,0,21,263
2024-06-04,Tuesday,24.6,55.9,0,44.1,339,0,15,351
2024-06-05,Wednesday,19.1,55.4,0,70.76,439,0,16,249
2024-06-06,Thursday,16.1,62.7,0,56.86,373,0,40,274
2024-06-07,Friday,21.1,64.2,0,76.67,541,1,32,230
2024-06-08,Saturday,19.0,64.2,0,88.39,580,0,25,253
2024-06-09,Sunday,21.1,47.3,0,95.07,421,0,8,320
2024-06-10,Monday,24.3,54.0,0,70.62,454,1,36,328
2024-06-11,Tuesday,20.3,51.8,0,52.08,358,0,43,303
2024-06-12,Wednesday,18.2,61.5,0,68.95,343,0,22,209
2024-06-13,Thursday,19.2,50.6,0,63.04,414,0,15,243
2024-06-14,Friday,22.9,56.4,1,48.62,290,0,24,404
2024-06-15,Saturday,19.9,60.4,1,95.34,514,1,40,352
2024-06-16,Sunday,21.2,60.5,1,94.81,498,0,13,414
2024-06-17,Monday,19.6,47.1,1,72.36,495,0,29,350
2024-06-18,Tuesday,17.7,62.6,1,34.92,318,1,48,427
2024-06-19,Wednesday,22.7,60.1,1,50.96,243,0,38,402
2024-06-20,Thursday,23.2,65.9,1,72.37,506,0,21,389
2024-06-21,Friday,21.1,71.0,1,57.88,406,0,19,367
2024-06-22,Saturday,19.9,59.6,1,77.52,520,0,20,420
2024-06-23,Sunday,18.6,55.9,1,105.82,531,0,46,392
2024-06-24,Monday,20.7,63.4,1,47.58,217,0,12,332
2024-06-25,Tuesday,21.3,56.3,1,65.27,387,0,43,433
2024-06-26,Wednesday,20.5,49.5,1,70.55,401,0,28,412
2024-06-27,Thursday,18.7,63.0,1,61.75,397,0,11,354
2024-06-28,Friday,25.3,53.4,1,63.05,438,0,14,439
2024-06-29,Saturday,21.0,58.9,1,86.62,570,0,48,369
2024-06-30,Sunday,20.1,53.7,1,73.11,449,0,45,354
2024-07-01,Monday,16.8,49.7,1,77.21,522,0,1,361
2024-07-02,Tuesday,21.7,53.2,1,74.44,373,0,15,457
2024-07-03,Wednesday,19.7,52.8,1,47.56,288,0,13,362
2024-07-04,Thursday,21.4,61.1,1,58.36,369,0,33,405
2024-07-05,Friday,22.3,55.9,1,68.72,502,1,30,471
2024-07-06,Saturday,21.5,54.0,1,96.06,580,1,41,383
2024-07-07,Sunday,19.4,51.2,1,91.83,455,0,15,448
2024-07-08,Monday,24.8,52.8,1,62.41,384,0,26,454
2024-07-09,Tuesday,22.9,57.5,1,69.84,417,0,34,438
2024-07-10,Wednesday,18.8,60.8,1,61.31,328,1,23,304
2024-07-11,Thursday,23.8,49.3,1,52.01,470,0,8,404
2024-07-12,Friday,19.6,63.8,1,56.65,528,0,24,339
2024-07-13,Saturday,21.7,52.2,1,91.87,491,1,7,396
2024-07-14,Sunday,25.1,67.6,1,90.02,513,1,43,436
2024-07-15,Monday,20.7,53.5,1,43.76,384,0,48,447
2024-07-16,Tuesday,22.6,48.0,1,76.64,431,0,30,418
2024-07-17,Wednesday,21.3,60.9,1,64.04,424,0,17,414
2024-07-18,Thursday,19.7,62.4,1,54.08,419,0,8,331
2024-07-19,Friday,21.2,50.2,1,49.93,295,1,33,364
2024-07-20,Saturday,25.4,60.8,1,89.97,539,0,29,408
2024-07-21,Sunday,25.1,57.9,1,92.46,542,0,35,511
2024-07-22,Monday,21.0,66.0,1,55.15,513,0,47,340
2024-07-23,Tuesday,16.9,73.3,1,62.81,431,0,26,366
2024-07-24,Wednesday,16.0,58.4,1,55.8,489,0,23,364
2024-07-25,Thursday,27.1,54.9,1,56.96,433,0,8,496
2024-07-26,Friday,23.7,65.4,1,73.14,362,0,36,386
2024-07-27,Saturday,22.6,56.0,1,95.07,611,0,22,464
2024-07-28,Sunday,19.4,66.0,1,92.28,572,1,13,384
2024-07-29,Monday,24.2,51.4,1,55.8,328,0,21,401
2024-07-30,Tuesday,23.2,55.1,1,54.73,489,0,42,351
2024-07-31,Wednesday,23.5,62.3,1,73.68,506,0,20,401
2024-08-01,Thursday,20.4,58.5,1,59.04,387,0,9,407
2024-08-02,Friday,20.5,57.3,1,47.62,349,0,41,310
2024-08-03,Saturday,24.7,56.3,1,80.55,527,0,36,438
2024-08-04,Sunday,26.7,44.7,1,88.03,544,0,38,495
2024-08-05,Monday,21.2,52.7,1,49.98,391,0,33,417
2024-08-06,Tuesday,21.5,74.0,1,55.31,353,1,11,343
2024-08-07,Wednesday,23.9,68.7,1,47.56,234,0,31,425
2024-08-08,Thursday,20.9,58.2,1,54.46,387,0,34,417
2024-08-09,Friday,23.1,53.0,1,50.91,391,1,42,386
2024-08-10,Saturday,24.5,43.8,1,89.22,536,0,12,423
2024-08-11,Sunday,19.2,63.3,1,73.55,390,1,17,333
2024-08-12,Monday,24.7,49.2,1,60.82,460,0,39,402
2024-08-13,Tuesday,26.0,54.3,1,55.08,409,0,18,445
2024-08-14,Wednesday,22.3,50.6,1,73.93,491,0,47,433
2024-08-15,Thursday,23.5,61.7,1,48.59,381,0,27,423
2024-08-16,Friday,20.7,54.9,1,59.22,396,0,4,385
2024-08-17,Saturday,23.3,67.7,1,81.74,480,0,41,486
2024-08-18,Sunday,20.9,55.3,1,84.96,554,0,31,429
2024-08-19,Monday,22.6,66.5,1,47.58,303,0,12,373
2024-08-20,Tuesday,18.1,64.6,1,75.16,534,1,25,355
2024-08-21,Wednesday,19.2,61.1,1,67.8,551,0,27,405
2024-08-22,Thursday,17.0,66.7,1,81.31,385,0,49,328
2024-08-23,Friday,22.0,61.6,1,71.29,509,0,44,387
2024-08-24,Saturday,17.3,59.5,1,94.19,487,0,25,377
2024-08-25,Sunday,17.0,69.7,1,107.99,515,0,28,413
2024-08-26,Monday,21.7,58.5,1,81.74,461,0,13,485
2024-08-27,Tuesday,23.6,56.1,1,74.23,463,0,25,398
2024-08-28,Wednesday,16.2,59.4,1,70.78,497,0,35,398
2024-08-29,Thursday,17.1,63.6,1,59.7,498,0,27,316
2024-08-30,Friday,18.1,63.5,1,73.68,279,0,46,387
2024-08-31,Saturday,17.9,62.2,0,95.46,511,0,45,283
2024-09-01,Sunday,18.5,49.3,0,91.26,545,0,4,225
2024-09-02,Monday,22.2,70.0,0,66.57,434,1,39,279
2024-09-03,Tuesday,19.0,59.9,0,66.24,489,0,40,268
2024-09-04,Wednesday,17.3,56.6,0,65.59,425,0,12,220
2024-09-05,Thursday,16.3,64.2,0,76.22,483,1,39,213
2024-09-06,Friday,14.3,62.5,0,51.06,319,0,42,227
2024-09-07,Saturday,18.1,70.6,0,91.95,486,0,34,295
2024-09-08,Sunday,21.8,58.0,0,103.36,525,0,36,337
2024-09-09,Monday,16.6,66.0,0,60.5,381,0,37,220
2024-09-10,Tuesday,19.2,59.3,0,49.58,371,0,22,312
2024-09-11,Wednesday,16.0,73.6,0,56.89,429,0,25,184
2024-09-12,Thursday,13.4,59.9,0,63.6,270,0,30,261
2024-09-13,Friday,14.2,58.6,0,63.29,343,0,45,254
2024-09-14,Saturday,17.3,65.9,0,104.03,544,1,17,267
2024-09-15,Sunday,18.0,55.0,0,76.0,589,0,23,294
2024-09-16,Monday,17.4,68.4,0,69.27,533,0,13,224
2024-09-17,Tuesday,16.6,60.2,0,42.28,359,0,40,246
2024-09-18,Wednesday,13.8,71.8,0,65.47,446,0,32,165
2024-09-19,Thursday,13.5,62.1,0,61.78,333,0,37,211
2024-09-20,Friday,18.1,55.0,0,84.71,483,0,15,263
2024-09-21,Saturday,14.7,56.6,0,90.89,532,0,44,231
2024-09-22,Sunday,16.3,55.0,0,101.39,605,0,1,280
2024-09-23,Monday,15.8,57.3,0,58.3,369,0,16,208
2024-09-24,Tuesday,14.8,77.8,0,59.12,439,0,27,205
2024-09-25,Wednesday,13.1,67.1,0,56.24,410,0,15,215
2024-09-26,Thursday,16.8,52.4,0,66.92,362,0,13,293
2024-09-27,Friday,20.1,65.0,0,77.31,502,0,41,314
2024-09-28,Saturday,10.9,64.9,0,94.58,482,0,37,216
2024-09-29,Sunday,15.0,64.7,0,98.7,542,1,48,309
2024-09-30,Monday,13.3,68.8,0,41.23,293,0,2,164
2024-10-01,Tuesday,15.6,58.6,0,50.45,300,0,19,195
2024-10-02,Wednesday,11.9,72.2,0,46.52,371,0,25,152
2024-10-03,Thursday,12.2,76.5,0,57.4,313,0,40,128
2024-10-04,Friday,9.5,61.9,0,68.2,454,0,21,140
2024-10-05,Saturday,10.5,61.5,0,86.69,583,0,48,152
2024-10-06,Sunday,8.0,60.1,0,87.41,526,1,47,171
2024-10-07,Monday,15.3,62.0,0,46.27,377,1,31,247
2024-10-08,Tuesday,12.6,64.1,0,49.34,434,1,17,179
2024-10-09,Wednesday,12.3,70.2,0,58.8,418,0,9,249
2024-10-10,Thursday,16.1,70.1,0,77.48,487,0,21,265
2024-10-11,Friday,10.6,75.8,0,46.03,330,0,35,162
2024-10-12,Saturday,14.0,70.7,0,83.34,429,0,34,195
2024-10-13,Sunday,10.0,72.4,0,86.81,508,0,27,202
2024-10-14,Monday,12.0,70.1,0,81.42,485,0,23,193
2024-10-15,Tuesday,15.0,59.9,0,52.3,385,0,19,184
2024-10-16,Wednesday,8.2,61.9,0,56.91,388,0,28,135
2024-10-17,Thursday,12.6,64.1,0,53.19,352,0,16,210
2024-10-18,Friday,7.0,67.9,0,51.46,320,0,42,135
2024-10-19,Saturday,6.8,59.2,0,103.34,582,0,40,193
2024-10-20,Sunday,7.4,71.4,0,84.38,498,0,35,254
2024-10-21,Monday,11.9,64.5,0,68.24,432,1,1,196
2024-10-22,Tuesday,8.5,68.0,0,56.44,497,0,30,152
2024-10-23,Wednesday,10.0,75.3,0,71.27,478,0,35,200
2024-10-24,Thursday,8.8,68.3,0,73.27,364,0,8,223
2024-10-25,Friday,9.6,54.7,0,81.25,488,0,48,293
2024-10-26,Saturday,10.5,59.0,0,104.52,558,0,20,221
2024-10-27,Sunday,9.4,65.8,0,76.93,440,0,20,170
2024-10-28,Monday,11.4,77.4,0,67.91,406,1,41,184
2024-10-29,Tuesday,9.8,69.0,0,50.6,342,0,38,179
2024-10-30,Wednesday,10.0,59.9,0,55.43,361,1,11,115
2024-10-31,Thursday,9.3,58.8,0,85.84,502,0,10,167
2024-11-01,Friday,7.8,58.2,0,68.52,471,0,42,158
2024-11-02,Saturday,4.4,67.4,0,95.88,515,1,3,109
2024-11-03,Sunday,6.1,70.3,0,89.16,601,0,12,122
2024-11-04,Monday,8.0,56.4,0,67.43,339,0,34,116
2024-11-05,Tuesday,9.6,71.0,0,62.68,477,1,41,112
2024-11-06,Wednesday,8.1,74.3,0,54.17,335,0,5,187
2024-11-07,Thursday,6.4,63.2,0,54.25,437,0,36,150
2024-11-08,Friday,9.7,62.4,0,68.27,511,1,9,202
2024-11-09,Saturday,8.1,69.5,0,98.66,570,1,42,203
2024-11-10,Sunday,4.5,61.8,0,91.07,517,0,5,171
2024-11-11,Monday,13.1,65.2,0,50.78,263,0,30,199
2024-11-12,Tuesday,6.5,56.2,0,55.21,343,0,40,152
2024-11-13,Wednesday,7.1,70.6,0,71.33,472,0,34,197
2024-11-14,Thursday,9.4,63.3,0,62.38,374,0,12,162
2024-11-15,Friday,3.9,68.7,0,63.26,319,0,44,65
2024-11-16,Saturday,7.7,71.1,0,89.64,540,0,11,199
2024-11-17,Sunday,3.3,70.2,0,113.44,545,0,21,160
2024-11-18,Monday,4.3,63.6,0,49.85,355,0,25,134
2024-11-19,Tuesday,6.9,55.5,0,63.1,574,0,26,153
2024-11-20,Wednesday,6.2,69.4,0,65.55,513,1,15,193
2024-11-21,Thursday,6.5,74.5,0,67.03,292,0,36,97
2024-11-22,Friday,5.7,67.7,0,61.88,383,0,38,136
2024-11-23,Saturday,5.8,74.6,0,89.8,588,0,14,143
2024-11-24,Sunday,1.7,74.3,0,87.92,550,0,7,61
2024-11-25,Monday,3.8,68.7,0,62.3,340,1,4,141
2024-11-26,Tuesday,4.3,75.8,0,56.58,426,0,48,107
2024-11-27,Wednesday,3.3,65.3,0,81.21,492,0,20,90
2024-11-28,Thursday,4.8,65.9,0,60.41,400,0,26,103
2024-11-29,Friday,9.1,65.5,0,60.09,398,0,26,182
2024-11-30,Saturday,6.7,59.4,0,96.48,493,0,28,153
2024-12-01,Sunday,5.0,67.5,0,102.47,616,0,42,108
2024-12-02,Monday,3.3,79.3,0,63.8,426,0,44,137
2024-12-03,Tuesday,5.5,69.0,0,59.08,351,0,21,99
2024-12-04,Wednesday,7.4,69.1,0,58.02,338,0,40,198
2024-12-05,Thursday,4.8,72.2,0,66.85,398,0,49,123
2024-12-06,Friday,3.1,71.8,0,56.65,374,0,19,90
2024-12-07,Saturday,7.9,69.1,0,102.49,601,1,14,175
2024-12-08,Sunday,2.3,63.2,0,89.35,433,0,45,100
2024-12-09,Monday,3.7,70.5,0,51.36,336,1,11,128
2024-12-10,Tuesday,4.4,69.5,0,56.67,257,1,43,134
2024-12-11,Wednesday,3.0,83.8,0,53.5,286,1,42,27
2024-12-12,Thursday,8.2,58.6,0,63.38,479,0,6,133
2024-12-13,Friday,4.6,77.4,0,42.19,383,1,16,136
2024-12-14,Saturday,2.4,62.8,0,95.3,624,0,20,126
2024-12-15,Sunday,3.9,88.0,0,76.0,465,0,25,172
2024-12-16,Monday,0.3,81.8,0,66.64,427,0,43,103
2024-12-17,Tuesday,5.8,77.3,0,49.39,361,0,44,128
2024-12-18,Wednesday,4.9,79.8,0,86.09,547,0,14,122
2024-12-19,Thursday,1.1,67.2,0,61.65,379,1,45,76
2024-12-20,Friday,0.0,87.7,1,89.17,545,0,11,211
2024-12-21,Saturday,1.5,80.3,1,99.16,538,0,10,226
2024-12-22,Sunday,-1.4,80.3,1,87.35,451,0,41,232
2024-12-23,Monday,4.6,69.0,1,65.3,401,0,49,291
2024-12-24,Tuesday,2.4,66.2,1,55.98,360,1,6,202
2024-12-25,Wednesday,1.5,67.1,1,50.86,377,0,24,219
2024-12-26,Thursday,4.8,67.2,1,65.48,438,0,18,280
2024-12-27,Friday,4.2,69.9,1,61.33,379,0,12,328
2024-12-28,Saturday,-0.8,79.9,1,85.94,471,0,26,246
2024-12-29,Sunday,2.9,64.1,1,101.75,471,0,48,210
2024-12-30,Monday,1.0,67.9,1,52.47,412,0,3,205
2024-12-31,Tuesday,3.6,68.6,1,36.69,288,1,25,168
2025-01-01,Wednesday,1.9,77.8,1,67.15,394,0,30,236
2025-01-02,Thursday,3.3,76.3,1,78.01,428,0,30,257
2025-01-03,Friday,-0.2,74.2,1,59.83,435,0,9,115
2025-01-04,Saturday,0.4,77.5,0,105.54,580,0,13,119
2025-01-05,Sunday,1.4,69.6,0,107.62,568,0,6,98
2025-01-06,Monday,4.2,75.6,0,56.78,454,0,33,98
2025-01-07,Tuesday,1.1,72.0,0,63.81,449,0,10,117
2025-01-08,Wednesday,2.8,75.2,0,65.15,409,0,47,110
2025-01-09,Thursday,-0.6,73.0,0,61.21,442,0,17,94
2025-01-10,Friday,5.0,71.2,0,46.65,364,0,32,119
2025-01-11,Saturday,5.3,64.2,0,96.38,609,0,36,171
2025-01-12,Sunday,1.4,81.8,0,97.75,505,0,4,106
2025-01-13,Monday,1.4,78.8,0,53.08,412,0,4,60
2025-01-14,Tuesday,8.2,80.1,0,69.21,484,0,45,108
2025-01-15,Wednesday,-0.5,77.9,0,74.8,340,1,20,46
2025-01-16,Thursday,-0.4,86.4,0,72.12,361,0,5,78
2025-01-17,Friday,3.3,70.3,0,57.41,329,0,40,99
2025-01-18,Saturday,5.1,73.4,0,107.13,565,1,47,122
2025-01-19,Sunday,-3.4,82.2,0,94.27,489,0,40,77
2025-01-20,Monday,1.2,76.1,0,53.82,360,0,32,110
2025-01-21,Tuesday,-2.8,77.4,0,73.26,467,0,8,100
2025-01-22,Wednesday,1.9,69.0,0,57.29,359,1,23,46
2025-01-23,Thursday,0.8,78.0,0,65.54,408,0,33,147
2025-01-24,Friday,-1.9,73.0,0,71.88,487,0,37,77
2025-01-25,Saturday,1.7,75.6,0,103.1,514,0,3,163
2025-01-26,Sunday,0.4,68.8,0,80.41,391,0,22,30
2025-01-27,Monday,3.3,73.8,0,63.65,346,0,36,103
2025-01-28,Tuesday,0.6,73.2,0,58.09,304,0,23,99
2025-01-29,Wednesday,2.9,75.3,0,57.52,349,0,39,132
2025-01-30,Thursday,-0.3,80.0,0,76.2,391,0,21,79
2025-01-31,Friday,0.4,84.7,0,75.84,387,0,34,137
2025-02-01,Saturday,2.0,75.7,0,99.02,445,0,29,56
2025-02-02,Sunday,2.3,75.6,0,92.01,485,0,20,151
2025-02-03,Monday,2.8,69.1,0,78.15,393,0,44,137
2025-02-04,Tuesday,2.5,78.4,0,67.55,456,0,3,91
2025-02-05,Wednesday,1.4,66.1,0,74.9,497,1,34,104
2025-02-06,Thursday,-1.4,85.7,0,67.71,411,0,19,62
2025-02-07,Friday,2.4,77.9,0,60.7,423,1,18,166
2025-02-08,Saturday,7.0,66.4,0,93.68,455,0,46,151
2025-02-09,Sunday,4.0,64.0,0,99.5,594,0,35,120
2025-02-10,Monday,3.4,63.0,0,68.16,454,0,12,121
2025-02-11,Tuesday,1.6,61.2,0,54.92,325,0,23,63
2025-02-12,Wednesday,7.4,66.6,0,50.95,220,0,30,121
2025-02-13,Thursday,2.2,71.7,0,70.48,359,1,20,81
2025-02-14,Friday,-0.3,70.6,0,67.07,454,0,24,149
2025-02-15,Saturday,0.4,80.1,0,86.56,412,0,30,83
2025-02-16,Sunday,3.5,77.0,0,102.97,588,0,37,112
2025-02-17,Monday,4.4,73.1,0,72.91,358,0,42,152
2025-02-18,Tuesday,4.6,63.2,0,68.82,444,0,31,151
2025-02-19,Wednesday,2.1,76.6,0,70.83,374,0,28,73
2025-02-20,Thursday,2.9,71.0,0,59.83,362,0,32,53
2025-02-21,Friday,6.5,74.7,0,63.57,447,0,20,153
2025-02-22,Saturday,3.8,80.1,0,107.24,583,0,43,107
2025-02-23,Sunday,5.8,71.6,0,104.15,625,0,1,160
2025-02-24,Monday,0.6,69.4,0,68.12,390,0,21,61
2025-02-25,Tuesday,3.0,82.3,0,56.13,275,0,46,134
2025-02-26,Wednesday,4.2,71.9,0,66.42,493,1,19,117
2025-02-27,Thursday,9.6,71.9,0,66.16,431,0,23,193
2025-02-28,Friday,6.0,76.0,0,67.85,367,0,26,112
2025-03-01,Saturday,2.5,77.7,0,89.87,456,0,25,136
2025-03-02,Sunday,3.0,67.9,0,99.92,571,1,42,115
2025-03-03,Monday,9.1,68.3,0,55.16,398,0,6,201
2025-03-04,Tuesday,8.7,75.8,0,49.56,327,0,30,76
2025-03-05,Wednesday,2.2,72.4,0,56.97,417,0,39,136
2025-03-06,Thursday,5.6,69.0,0,50.23,359,0,3,203
2025-03-07,Friday,8.8,66.5,0,64.55,398,0,45,212
2025-03-08,Saturday,7.7,56.7,0,92.67,525,0,34,140
2025-03-09,Sunday,6.7,67.6,0,79.75,496,0,5,134
2025-03-10,Monday,3.2,64.8,0,59.37,469,1,30,81
2025-03-11,Tuesday,3.3,71.4,0,64.94,365,0,19,108
2025-03-12,Wednesday,6.9,77.9,0,58.27,393,1,31,96
2025-03-13,Thursday,3.6,68.1,0,61.43,374,0,2,107
2025-03-14,Friday,7.6,56.8,0,65.37,423,0,17,170
2025-03-15,Saturday,7.9,68.5,0,102.19,629,0,29,162
2025-03-16,Sunday,8.0,69.1,0,88.91,542,1,6,208
2025-03-17,Monday,10.3,64.7,0,74.42,358,0,27,186
2025-03-18,Tuesday,5.3,62.4,0,71.37,474,0,42,189
2025-03-19,Wednesday,6.9,80.1,0,76.73,490,0,31,150
2025-03-20,Thursday,3.3,66.2,0,64.2,406,1,28,72
2025-03-21,Friday,13.3,65.0,0,51.91,410,0,44,213
2025-03-22,Saturday,7.5,63.1,0,94.39,576,0,18,128
2025-03-23,Sunday,6.9,73.1,0,108.12,629,0,44,170
2025-03-24,Monday,4.0,68.0,0,62.78,372,0,36,162
2025-03-25,Tuesday,8.6,67.8,0,75.65,490,0,44,144
2025-03-26,Wednesday,9.0,66.6,0,72.71,481,0,43,171
2025-03-27,Thursday,10.0,64.0,0,62.19,400,0,6,183
2025-03-28,Friday,7.7,61.3,0,48.49,226,0,45,105
2025-03-29,Saturday,9.7,71.4,0,94.24,510,0,18,196
2025-03-30,Sunday,5.3,65.3,0,81.48,480,0,4,200
2025-03-31,Monday,7.6,72.2,0,89.6,569,0,29,254
2025-04-01,Tuesday,12.3,66.6,0,75.93,448,0,28,189
2025-04-02,Wednesday,10.3,74.8,0,79.96,430,1,5,237
2025-04-03,Thursday,11.5,65.6,0,64.54,339,1,3,188
2025-04-04,Friday,8.9,63.4,0,59.79,286,0,33,145
2025-04-05,Saturday,5.9,63.8,0,97.89,527,1,15,92
2025-04-06,Sunday,16.4,61.8,0,101.27,492,0,23,242
2025-04-07,Monday,12.2,84.0,0,78.13,439,0,22,177
2025-04-08,Tuesday,13.0,67.4,0,68.06,352,0,3,255
2025-04-09,Wednesday,10.0,64.8,0,76.06,538,0,41,214
2025-04-10,Thursday,9.4,68.5,0,68.81,444,0,16,158
2025-04-11,Friday,11.1,60.7,0,64.46,314,0,2,171
2025-04-12,Saturday,12.1,65.4,0,97.34,523,1,42,194
2025-04-13,Sunday,9.0,62.0,0,78.34,521,0,3,210
2025-04-14,Monday,11.3,58.6,0,88.33,525,0,16,195
2025-04-15,Tuesday,10.5,67.1,0,69.53,406,0,11,240
2025-04-16,Wednesday,12.4,62.8,0,68.75,414,0,40,211
2025-04-17,Thursday,16.6,51.5,0,74.91,552,0,44,236
2025-04-18,Friday,11.1,64.2,0,75.93,375,0,38,197
2025-04-19,Saturday,13.3,62.5,0,113.42,625,0,16,263
2025-04-20,Sunday,13.3,63.2,0,112.49,662,0,11,274
2025-04-21,Monday,13.1,67.9,0,67.07,509,0,27,232
2025-04-22,Tuesday,11.4,55.5,0,61.69,421,1,18,150
2025-04-23,Wednesday,12.8,72.0,0,61.65,453,0,6,204
2025-04-24,Thursday,10.3,58.9,0,66.33,437,0,8,273
2025-04-25,Friday,12.9,55.5,0,53.36,458,0,41,191
2025-04-26,Saturday,12.6,60.5,0,103.1,661,0,31,201
2025-04-27,Sunday,13.9,65.3,0,95.38,507,0,40,247
2025-04-28,Monday,15.4,52.7,0,82.78,516,0,12,241
2025-04-29,Tuesday,14.7,60.6,0,66.62,439,0,27,257
2025-04-30,Wednesday,15.5,70.7,0,59.05,499,0,7,226
2025-05-01,Thursday,17.1,64.9,0,87.06,576,1,28,275
2025-05-02,Friday,18.2,70.9,0,57.53,418,1,47,259
2025-05-03,Saturday,17.0,60.3,0,106.04,647,0,8,275
2025-05-04,Sunday,16.6,55.9,0,101.44,603,0,39,293
2025-05-05,Monday,18.9,72.0,0,60.75,345,0,27,235
2025-05-06,Tuesday,17.1,55.5,0,80.5,480,0,18,288
2025-05-07,Wednesday,15.7,65.2,0,61.72,377,0,10,236
2025-05-08,Thursday,20.2,51.8,0,64.54,435,0,47,272
2025-05-09,Friday,15.2,55.8,0,64.96,460,0,16,161
2025-05-10,Saturday,19.6,63.9,0,93.63,470,0,23,268
2025-05-11,Sunday,19.6,64.7,0,103.39,530,0,48,339
2025-05-12,Monday,10.4,58.1,0,61.92,424,0,12,184
2025-05-13,Tuesday,14.1,55.0,0,70.41,461,0,22,206
2025-05-14,Wednesday,14.5,62.0,0,67.56,344,0,37,236
2025-05-15,Thursday,12.5,75.4,0,77.35,469,0,44,194
2025-05-16,Friday,16.4,63.0,0,59.02,452,1,24,251
2025-05-17,Saturday,19.9,67.3,0,103.76,611,0,8,386
2025-05-18,Sunday,14.8,54.9,0,97.65,420,0,49,238
2025-05-19,Monday,15.5,59.3,0,73.68,437,1,23,206
2025-05-20,Tuesday,14.7,65.0,0,72.8,395,0,35,254
2025-05-21,Wednesday,16.0,55.7,0,78.44,417,0,13,148
2025-05-22,Thursday,19.9,54.5,0,86.15,563,0,5,303
2025-05-23,Friday,19.2,57.0,0,56.39,449,0,19,226
2025-05-24,Saturday,14.8,67.3,0,107.79,549,0,48,227
2025-05-25,Sunday,16.5,72.6,0,105.31,585,0,27,345
2025-05-26,Monday,15.1,58.4,0,70.17,378,0,34,246
2025-05-27,Tuesday,16.2,60.6,0,72.56,463,0,31,216
2025-05-28,Wednesday,17.1,64.5,0,70.76,420,0,11,230
2025-05-29,Thursday,17.7,56.7,0,66.18,474,0,10,297
2025-05-30,Friday,19.5,61.5,0,80.66,479,0,24,292
2025-05-31,Saturday,21.9,62.2,0,99.51,516,0,11,336
2025-06-01,Sunday,17.8,59.7,0,120.49,643,0,30,300
2025-06-02,Monday,18.6,67.2,0,65.32,342,0,19,253
2025-06-03,Tuesday,23.4,54.0,0,82.5,485,0,47,344
2025-06-04,Wednesday,17.9,56.6,0,52.65,411,0,20,231
2025-06-05,Thursday,23.0,57.5,0,69.46,499,0,39,271
2025-06-06,Friday,17.1,63.4,0,90.81,516,0,29,264
2025-06-07,Saturday,17.0,47.5,0,107.66,568,0,39,200
2025-06-08,Sunday,16.2,66.4,0,92.63,595,0,24,304
2025-06-09,Monday,22.3,57.2,0,63.92,485,0,14,285
2025-06-10,Tuesday,17.4,71.5,0,66.98,408,0,28,307
2025-06-11,Wednesday,19.8,52.6,0,74.75,392,1,20,204
2025-06-12,Thursday,21.1,60.0,0,67.55,534,1,27,266
2025-06-13,Friday,19.1,55.7,0,72.94,515,0,9,286
2025-06-14,Saturday,25.0,52.9,0,109.16,605,0,32,316
2025-06-15,Sunday,18.0,57.8,1,98.61,546,0,41,410
2025-06-16,Monday,18.2,52.8,1,50.55,316,0,16,384
2025-06-17,Tuesday,24.9,56.5,1,41.42,352,0,24,382
2025-06-18,Wednesday,19.2,64.9,1,57.63,310,1,33,385
2025-06-19,Thursday,20.8,56.8,1,67.21,514,1,30,412
2025-06-20,Friday,20.0,61.1,1,74.84,346,0,19,433
2025-06-21,Saturday,20.1,66.8,1,103.85,582,0,49,462
2025-06-22,Sunday,23.5,44.1,1,92.56,566,0,44,391
2025-06-23,Monday,20.4,52.9,1,58.99,394,1,9,356
2025-06-24,Tuesday,21.0,52.4,1,68.96,465,0,15,392
2025-06-25,Wednesday,23.5,46.5,1,53.85,355,0,35,403
2025-06-26,Thursday,17.6,62.5,1,58.31,430,1,2,353
2025-06-27,Friday,19.3,59.8,1,56.18,481,0,39,285
2025-06-28,Saturday,20.5,60.6,1,105.71,569,1,45,401
2025-06-29,Sunday,22.7,59.8,1,101.93,579,1,45,438
2025-06-30,Monday,20.4,65.2,1,69.58,407,1,43,405
2025-07-01,Tuesday,20.8,57.8,1,73.84,490,1,43,417
2025-07-02,Wednesday,21.8,63.0,1,77.78,438,0,2,401
2025-07-03,Thursday,25.8,60.2,1,91.05,466,0,11,497
2025-07-04,Friday,18.3,54.5,1,60.57,513,0,34,397
2025-07-05,Saturday,22.1,60.7,1,94.04,656,0,47,446
2025-07-06,Sunday,22.8,46.9,1,97.93,489,0,7,470
2025-07-07,Monday,22.8,61.4,1,63.31,450,0,8,417
2025-07-08,Tuesday,19.7,51.7,1,70.95,392,0,47,391
2025-07-09,Wednesday,24.1,56.7,1,74.5,493,0,20,408
2025-07-10,Thursday,17.5,61.5,1,78.53,538,0,31,370
2025-07-11,Friday,24.2,53.1,1,83.37,499,0,26,392
2025-07-12,Saturday,23.4,58.8,1,101.29,489,1,11,470
2025-07-13,Sunday,28.2,58.5,1,91.37,588,0,8,487
2025-07-14,Monday,24.6,44.7,1,68.6,448,0,42,388
2025-07-15,Tuesday,24.2,53.3,1,56.28,270,0,33,413
2025-07-16,Wednesday,26.2,57.2,1,73.31,372,1,7,454
2025-07-17,Thursday,21.6,46.0,1,66.23,432,0,39,397
2025-07-18,Friday,20.7,56.1,1,65.46,518,0,30,423
2025-07-19,Saturday,23.1,64.6,1,90.83,521,0,35,351
2025-07-20,Sunday,20.2,64.7,1,100.71,603,0,25,395
2025-07-21,Monday,21.3,58.1,1,75.15,542,0,46,427
2025-07-22,Tuesday,24.2,52.9,1,77.83,479,0,36,392
2025-07-23,Wednesday,20.7,50.9,1,49.28,390,0,26,382
2025-07-24,Thursday,25.3,47.9,1,79.13,482,1,38,419
2025-07-25,Friday,26.5,56.6,1,59.14,487,1,41,438
2025-07-26,Saturday,22.8,53.2,1,106.51,520,0,42,482
2025-07-27,Sunday,21.4,59.8,1,91.1,407,1,11,449
2025-07-28,Monday,22.1,45.3,1,73.63,340,0,45,383
2025-07-29,Tuesday,21.3,57.8,1,63.52,494,0,7,406
2025-07-30,Wednesday,20.7,55.6,1,60.75,311,0,40,392
2025-07-31,Thursday,19.7,73.9,1,73.08,537,0,5,414
2025-08-01,Friday,19.0,58.9,1,71.9,512,0,48,383
2025-08-02,Saturday,25.4,51.8,1,87.08,467,0,37,467
2025-08-03,Sunday,18.9,62.2,1,116.15,577,0,28,385
2025-08-04,Monday,20.4,53.8,1,62.39,442,0,43,393
2025-08-05,Tuesday,19.9,68.0,1,70.76,499,0,48,356
2025-08-06,Wednesday,23.2,54.2,1,57.18,317,0,28,467
2025-08-07,Thursday,19.7,62.6,1,71.44,407,0,49,396
2025-08-08,Friday,20.4,64.3,1,61.13,517,1,14,406
2025-08-09,Saturday,19.6,58.1,1,104.78,550,0,10,385
2025-08-10,Sunday,21.8,61.4,1,104.25,506,0,28,363
2025-08-11,Monday,23.6,57.1,1,76.68,573,0,36,442
2025-08-12,Tuesday,23.2,66.5,1,80.32,465,1,6,417
2025-08-13,Wednesday,22.8,70.1,1,78.79,547,0,26,393
2025-08-14,Thursday,24.6,51.6,1,72.21,475,0,8,372
2025-08-15,Friday,20.1,71.7,1,61.94,415,0,8,461
2025-08-16,Saturday,21.0,52.7,1,107.25,490,0,48,427
2025-08-17,Sunday,23.2,58.3,1,104.07,628,0,38,436
2025-08-18,Monday,23.4,58.4,1,67.68,409,0,31,386
2025-08-19,Tuesday,14.5,73.2,1,53.06,324,0,2,372
2025-08-20,Wednesday,17.0,50.7,1,85.25,520,0,4,350
2025-08-21,Thursday,16.1,62.2,1,81.92,432,0,44,444
2025-08-22,Friday,23.7,64.0,1,75.49,418,0,26,501
2025-08-23,Saturday,17.5,56.1,1,121.58,628,0,11,370
2025-08-24,Sunday,22.9,52.0,1,111.72,521,0,3,443
2025-08-25,Monday,20.8,59.2,1,57.91,391,0,28,313
2025-08-26,Tuesday,23.0,48.4,1,76.34,384,0,23,375
2025-08-27,Wednesday,21.5,52.3,1,66.75,399,0,12,348
2025-08-28,Thursday,16.4,53.7,1,76.04,512,0,21,347
2025-08-29,Friday,18.8,59.6,1,85.23,508,1,39,339
2025-08-30,Saturday,17.5,50.8,1,94.62,593,0,17,405
2025-08-31,Sunday,22.1,54.7,1,106.65,623,0,25,451
2025-09-01,Monday,23.9,51.3,0,73.36,601,0,42,292
2025-09-02,Tuesday,17.7,66.1,0,75.41,455,1,40,322
2025-09-03,Wednesday,17.0,63.0,0,77.64,502,0,8,291
2025-09-04,Thursday,18.9,61.5,0,46.83,397,0,14,211
2025-09-05,Friday,20.3,69.5,0,71.21,401,0,9,254
2025-09-06,Saturday,19.1,61.8,0,117.79,607,0,10,269
2025-09-07,Sunday,24.9,57.6,0,100.6,618,0,38,322
2025-09-08,Monday,15.5,65.4,0,69.97,404,0,46,278
2025-09-09,Tuesday,16.0,66.0,0,66.45,419,0,4,219
2025-09-10,Wednesday,19.4,76.1,0,51.21,525,0,48,221
2025-09-11,Thursday,17.7,59.8,0,59.89,408,0,43,181
2025-09-12,Friday,22.3,49.4,0,64.88,422,0,30,332
2025-09-13,Saturday,18.8,63.4,0,94.29,524,1,3,316
2025-09-14,Sunday,16.8,65.9,0,98.39,504,0,17,287
2025-09-15,Monday,13.9,56.9,0,69.01,493,0,21,210
2025-09-16,Tuesday,14.0,70.6,0,65.85,506,0,13,190
2025-09-17,Wednesday,17.8,63.8,0,77.37,481,0,28,311
2025-09-18,Thursday,20.2,52.0,0,70.17,522,0,8,270
2025-09-19,Friday,19.3,49.2,0,73.0,474,0,12,297
2025-09-20,Saturday,12.7,67.8,0,88.3,488,0,1,193
2025-09-21,Sunday,13.0,63.0,0,96.42,549,0,44,247
2025-09-22,Monday,17.2,57.2,0,97.47,583,0,7,286
2025-09-23,Tuesday,16.6,58.4,0,86.37,557,0,30,230
2025-09-24,Wednesday,14.3,60.3,0,62.45,499,0,47,226
2025-09-25,Thursday,21.0,57.8,0,71.49,420,0,42,269
2025-09-26,Friday,19.7,58.5,0,57.4,380,0,16,253
2025-09-27,Saturday,20.1,55.9,0,116.57,670,0,26,288
2025-09-28,Sunday,19.1,57.6,0,95.84,472,0,20,281
2025-09-29,Monday,17.7,55.8,0,67.2,456,0,13,175
2025-09-30,Tuesday,15.0,54.9,0,71.96,363,0,40,253
2025-10-01,Wednesday,15.9,69.7,0,80.09,520,0,44,248
2025-10-02,Thursday,18.1,64.0,0,79.78,429,0,28,229
2025-10-03,Friday,18.2,65.2,0,61.15,578,0,20,272
2025-10-04,Saturday,11.5,64.9,0,103.14,577,1,28,216
2025-10-05,Sunday,11.5,68.9,0,96.76,431,0,38,243
2025-10-06,Monday,15.2,69.1,0,79.84,496,0,6,252
2025-10-07,Tuesday,10.2,71.2,0,63.92,512,0,29,155
2025-10-08,Wednesday,12.0,76.9,0,66.02,446,0,39,214
2025-10-09,Thursday,13.0,73.2,0,68.5,444,0,1,223
2025-10-10,Friday,15.5,57.9,0,51.44,460,0,40,208
2025-10-11,Saturday,14.2,55.6,0,90.92,375,0,20,245
2025-10-12,Sunday,13.4,67.9,0,117.44,598,1,31,216
2025-10-13,Monday,10.4,59.3,0,57.42,434,0,13,224
2025-10-14,Tuesday,14.5,66.7,0,78.74,572,0,29,276
2025-10-15,Wednesday,14.9,61.1,0,78.8,414,0,37,246
2025-10-16,Thursday,9.8,65.4,0,74.4,497,0,32,147
2025-10-17,Friday,11.5,57.3,0,62.59,402,0,32,131
2025-10-18,Saturday,11.3,77.5,0,91.84,551,1,2,184
2025-10-19,Sunday,9.6,69.4,0,119.92,669,0,31,239
2025-10-20,Monday,13.6,59.7,0,61.79,384,0,31,215
2025-10-21,Tuesday,10.1,70.1,0,74.62,590,0,39,214
2025-10-22,Wednesday,7.8,56.2,0,74.58,451,0,44,125
2025-10-23,Thursday,9.4,62.4,0,44.32,383,0,14,144
2025-10-24,Friday,14.7,61.3,0,65.98,456,1,27,265
2025-10-25,Saturday,13.2,61.6,0,101.78,632,0,23,250
2025-10-26,Sunday,8.7,73.8,0,116.33,619,1,28,187
2025-10-27,Monday,11.5,68.3,0,59.92,383,0,23,192
2025-10-28,Tuesday,5.7,58.1,0,63.15,495,0,7,75
2025-10-29,Wednesday,8.2,54.8,0,60.42,437,0,8,215
2025-10-30,Thursday,8.9,58.3,0,58.09,465,0,11,186
2025-10-31,Friday,6.0,61.0,0,75.63,446,0,29,145
2025-11-01,Saturday,6.3,71.9,0,96.49,465,1,13,207
2025-11-02,Sunday,6.7,71.6,0,101.62,511,0,22,160
2025-11-03,Monday,10.4,65.3,0,86.51,430,0,49,216
2025-11-04,Tuesday,8.8,61.3,0,73.22,563,0,27,237
2025-11-05,Wednesday,4.9,61.6,0,69.25,503,0,46,115
2025-11-06,Thursday,10.5,52.7,0,78.29,501,0,11,155
2025-11-07,Friday,9.3,80.4,0,76.04,512,0,46,211
2025-11-08,Saturday,9.7,55.2,0,111.11,578,0,45,171
2025-11-09,Sunday,7.3,68.2,0,78.98,525,0,10,158
2025-11-10,Monday,7.0,62.8,0,74.37,533,0,42,121
2025-11-11,Tuesday,8.5,71.1,0,57.51,421,1,35,84
2025-11-12,Wednesday,5.5,78.5,0,70.6,416,0,19,144
2025-11-13,Thursday,10.3,64.3,0,79.38,469,0,35,179
2025-11-14,Friday,5.7,67.6,0,73.39,361,0,8,130
2025-11-15,Saturday,2.3,72.3,0,112.86,667,0,29,171
2025-11-16,Sunday,5.7,79.4,0,73.69,508,0,38,70
2025-11-17,Monday,4.6,65.7,0,62.14,372,0,46,103
2025-11-18,Tuesday,5.4,68.8,0,59.28,476,1,34,70
2025-11-19,Wednesday,4.2,69.5,0,74.54,434,1,4,61
2025-11-20,Thursday,5.2,71.9,0,71.96,475,0,26,96
2025-11-21,Friday,4.6,67.2,0,75.9,403,0,32,129
2025-11-22,Saturday,5.7,63.8,0,107.3,636,0,30,197
2025-11-23,Sunday,8.7,69.6,0,97.34,557,0,36,220
2025-11-24,Monday,1.6,84.2,0,62.93,384,1,37,82
2025-11-25,Tuesday,8.6,71.5,0,76.93,434,1,10,188
2025-11-26,Wednesday,7.6,74.8,0,91.41,558,0,14,191
2025-11-27,Thursday,9.1,74.9,0,71.39,466,0,20,174
2025-11-28,Friday,0.3,69.2,0,73.46,390,0,39,100
2025-11-29,Saturday,6.1,63.0,0,88.45,493,0,6,134
2025-11-30,Sunday,6.1,61.3,0,95.14,556,0,35,205
2025-12-01,Monday,5.9,65.3,0,74.12,490,1,41,152
2025-12-02,Tuesday,5.9,60.9,0,66.55,421,0,13,178
2025-12-03,Wednesday,3.8,72.3,0,46.26,263,0,2,96
2025-12-04,Thursday,8.8,77.2,0,72.2,463,0,16,199
2025-12-05,Friday,0.2,72.2,0,69.36,391,0,32,77
2025-12-06,Saturday,4.7,69.9,0,91.85,545,0,21,128
2025-12-07,Sunday,4.9,78.1,0,99.84,541,0,10,168
2025-12-08,Monday,3.2,77.8,0,78.15,546,0,2,111
2025-12-09,Tuesday,1.9,75.8,0,74.68,498,0,8,86
2025-12-10,Wednesday,5.6,71.5,0,65.46,404,0,33,120
2025-12-11,Thursday,4.6,77.1,0,75.66,407,0,15,151
2025-12-12,Friday,4.1,70.7,0,59.0,380,1,49,57
2025-12-13,Saturday,2.1,70.8,0,111.16,663,0,10,152
2025-12-14,Sunday,-1.6,88.3,0,104.04,491,0,36,101
2025-12-15,Monday,3.4,60.8,0,75.72,426,1,31,209
2025-12-16,Tuesday,3.0,76.7,0,55.46,188,0,14,66
2025-12-17,Wednesday,1.7,82.7,0,76.24,420,0,8,91
2025-12-18,Thursday,5.1,62.1,0,92.16,522,0,33,173
2025-12-19,Friday,2.5,70.3,0,63.32,414,0,16,160
2025-12-20,Saturday,1.8,68.6,0,107.87,725,0,45,175
2025-12-21,Sunday,7.1,68.5,1,101.12,591,0,45,290
2025-12-22,Monday,1.6,63.6,1,54.63,366,0,5,137
2025-12-23,Tuesday,1.5,76.0,1,61.81,531,0,39,277
2025-12-24,Wednesday,1.7,76.1,1,73.5,365,1,30,205
2025-12-25,Thursday,3.9,81.4,1,72.75,459,0,13,187
2025-12-26,Friday,5.5,74.6,1,66.58,523,0,32,262
2025-12-27,Saturday,2.4,63.3,1,102.52,553,0,41,242
2025-12-28,Sunday,-1.5,83.2,1,91.25,490,0,43,211
2025-12-29,Monday,-1.3,72.7,1,68.11,354,1,37,170
2025-12-30,Tuesday,5.6,60.4,1,70.82,400,0,2,309
